Team,Previous jersey sponsor(s),
Boston Celtics,General Electric(2017-2020),
Brooklyn Nets,"Motorola(2020-2021), Infor(2017-2020)",
Dallas Mavericks,5miles (2017-2019),
Detroit Pistons,Flagstar Bank(2017-2021),
Houston Rockets,ROKiT Phones (2017-2020),
Los Angeles Clippers,Bumble(2018-2020),
Los Angeles Lakers,Wish(2017-2021),
Memphis Grizzlies,FedEx(2018-2021),
Milwaukee Bucks,Harley-Davidson(2017-2020),
Minnesota Timberwolves,Fitbit(2017-2020),
New Orleans Pelicans,Zatarain's(2017-2020),
Philadelphia 76ers,StubHub(2017-2021),
Portland Trail Blazers,Performance Health (2018-2021),
Sacramento Kings,Blue Diamond Growers (2017-2020),
Washington Wizards,Geico(2018-2021),