Team Name,Arena Name,Year,Location,Capacity
ATL,State Farm Arena,2012,Atlanta,18729
ATL,State Farm Arena,2013,Atlanta,18729
ATL,State Farm Arena,2014,Atlanta,18729
ATL,State Farm Arena,2015,Atlanta,18729
ATL,State Farm Arena,2016,Atlanta,18729
ATL,State Farm Arena,2017,Atlanta,18729
ATL,State Farm Arena,2018,Atlanta,18729
ATL,State Farm Arena,2019,Atlanta,18729
ATL,State Farm Arena,2020,Atlanta,18729
BOS,TD Garden,2012,Boston,18624
BOS,TD Garden,2013,Boston,18624
BOS,TD Garden,2014,Boston,18624
BOS,TD Garden,2015,Boston,18624
BOS,TD Garden,2016,Boston,18624
BOS,TD Garden,2017,Boston,18624
BOS,TD Garden,2018,Boston,18624
BOS,TD Garden,2019,Boston,18624
BOS,TD Garden,2020,Boston,18624
BKN,Prudential Center,2012,New Jersey,19500
BKN,Barclays Center,2013,Brooklyn,17732
BKN,Barclays Center,2014,Brooklyn,17732
BKN,Barclays Center,2015,Brooklyn,17732
BKN,Barclays Center,2016,Brooklyn,17732
BKN,Barclays Center,2017,Brooklyn,17732
BKN,Barclays Center,2018,Brooklyn,17732
BKN,Barclays Center,2019,Brooklyn,17732
BKN,Barclays Center,2020,Brooklyn,17732
CHA,Spectrum Center,2012,Charlotte,19026
CHA,Spectrum Center,2013,Charlotte,19026
CHA,Spectrum Center,2014,Charlotte,19026
CHA,Spectrum Center,2015,Charlotte,19026
CHA,Spectrum Center,2016,Charlotte,19026
CHA,Spectrum Center,2017,Charlotte,19026
CHA,Spectrum Center,2018,Charlotte,19026
CHA,Spectrum Center,2019,Charlotte,19026
CHA,Spectrum Center,2020,Charlotte,19026
CHI,United Center,2012,Chicago,21711
CHI,United Center,2013,Chicago,21711
CHI,United Center,2014,Chicago,21711
CHI,United Center,2015,Chicago,21711
CHI,United Center,2016,Chicago,21711
CHI,United Center,2017,Chicago,21711
CHI,United Center,2018,Chicago,21711
CHI,United Center,2019,Chicago,21711
CHI,United Center,2020,Chicago,21711
CLE,Rocket Mortgage FieldHouse,2012,Cleveland,20562
CLE,Rocket Mortgage FieldHouse,2013,Cleveland,20562
CLE,Rocket Mortgage FieldHouse,2014,Cleveland,20562
CLE,Rocket Mortgage FieldHouse,2015,Cleveland,20562
CLE,Rocket Mortgage FieldHouse,2016,Cleveland,20562
CLE,Rocket Mortgage FieldHouse,2017,Cleveland,20562
CLE,Rocket Mortgage FieldHouse,2018,Cleveland,20562
CLE,Rocket Mortgage FieldHouse,2019,Cleveland,20562
CLE,Rocket Mortgage FieldHouse,2020,Cleveland,20562
DAL,American Airlines Center,2012,Dallas,19200
DAL,American Airlines Center,2013,Dallas,19200
DAL,American Airlines Center,2014,Dallas,19200
DAL,American Airlines Center,2015,Dallas,19200
DAL,American Airlines Center,2016,Dallas,19200
DAL,American Airlines Center,2017,Dallas,19200
DAL,American Airlines Center,2018,Dallas,19200
DAL,American Airlines Center,2019,Dallas,19200
DAL,American Airlines Center,2020,Dallas,19200
DET,The Palace of Auburn Hills,2012,Detorit,24276
DET,The Palace of Auburn Hills,2013,Detorit,24276
DET,The Palace of Auburn Hills,2014,Detorit,24276
DET,The Palace of Auburn Hills,2015,Detorit,24276
DET,The Palace of Auburn Hills,2016,Detorit,24276
DET,Little Caesars Arena,2017,Detroit,21000
DET,Little Caesars Arena,2018,Detroit,21000
DET,Little Caesars Arena,2019,Detroit,21000
DET,Little Caesars Arena,2020,Detroit,21000
GSW,Oracle Arena,2012,Oakland,19596
GSW,Oracle Arena,2013,Oakland,19596
GSW,Oracle Arena,2014,Oakland,19596
GSW,Oracle Arena,2015,Oakland,19596
GSW,Oracle Arena,2016,Oakland,19596
GSW,Oracle Arena,2017,Oakland,19596
GSW,Oracle Arena,2018,Oakland,19596
GSW,Chase Center,2019,Golden State,19596
GSW,Chase Center,2020,Golden State,19596
HOU,Toyota Center,2012,Houston,18104
HOU,Toyota Center,2013,Houston,18104
HOU,Toyota Center,2014,Houston,18104
HOU,Toyota Center,2015,Houston,18104
HOU,Toyota Center,2016,Houston,18104
HOU,Toyota Center,2017,Houston,18104
HOU,Toyota Center,2018,Houston,18104
HOU,Toyota Center,2019,Houston,18104
HOU,Toyota Center,2020,Houston,18104
IND,Bankers Life Fieldhouse,2012,Indiana,18345
IND,Bankers Life Fieldhouse,2013,Indiana,18345
IND,Bankers Life Fieldhouse,2014,Indiana,18345
IND,Bankers Life Fieldhouse,2015,Indiana,18345
IND,Bankers Life Fieldhouse,2016,Indiana,18345
IND,Bankers Life Fieldhouse,2017,Indiana,18345
IND,Bankers Life Fieldhouse,2018,Indiana,18345
IND,Bankers Life Fieldhouse,2019,Indiana,18345
IND,Bankers Life Fieldhouse,2020,Indiana,18345
LAC,Crypto.com Arena,2012,Los Angeles,19060
LAC,Crypto.com Arena,2013,Los Angeles,19060
LAC,Crypto.com Arena,2014,Los Angeles,19060
LAC,Crypto.com Arena,2015,Los Angeles,19060
LAC,Crypto.com Arena,2016,Los Angeles,19060
LAC,Crypto.com Arena,2017,Los Angeles,19060
LAC,Crypto.com Arena,2018,Los Angeles,19060
LAC,Crypto.com Arena,2019,Los Angeles,19060
LAC,Crypto.com Arena,2020,Los Angeles,19060
LAL,Crypto.com Arena,2012,Los Angeles,19060
LAL,Crypto.com Arena,2013,Los Angeles,19060
LAL,Crypto.com Arena,2014,Los Angeles,19060
LAL,Crypto.com Arena,2015,Los Angeles,19060
LAL,Crypto.com Arena,2016,Los Angeles,19060
LAL,Crypto.com Arena,2017,Los Angeles,19060
LAL,Crypto.com Arena,2018,Los Angeles,19060
LAL,Crypto.com Arena,2019,Los Angeles,19060
LAL,Crypto.com Arena,2020,Los Angeles,19060
MEM,FedExForum,2012,Memphis,18119
MEM,FedExForum,2013,Memphis,18119
MEM,FedExForum,2014,Memphis,18119
MEM,FedExForum,2015,Memphis,18119
MEM,FedExForum,2016,Memphis,18119
MEM,FedExForum,2017,Memphis,18119
MEM,FedExForum,2018,Memphis,18119
MEM,FedExForum,2019,Memphis,18119
MEM,FedExForum,2020,Memphis,18119
MIA,FTX Arena,2012,Miami,19600
MIA,FTX Arena,2013,Miami,19600
MIA,FTX Arena,2014,Miami,19600
MIA,FTX Arena,2015,Miami,19600
MIA,FTX Arena,2016,Miami,19600
MIA,FTX Arena,2017,Miami,19600
MIA,FTX Arena,2018,Miami,19600
MIA,FTX Arena,2019,Miami,19600
MIA,FTX Arena,2020,Miami,19600
MIL,Bradley Center,2012,Milwaukee,20000
MIL,Bradley Center,2013,Milwaukee,20000
MIL,Bradley Center,2014,Milwaukee,20000
MIL,Bradley Center,2015,Milwaukee,20000
MIL,Bradley Center,2016,Milwaukee,20000
MIL,Bradley Center,2017,Milwaukee,20000
MIL,Fiserv Forum,2018,Milwaukee,17500
MIL,Fiserv Forum,2019,Milwaukee,17500
MIL,Fiserv Forum,2020,Milwaukee,17500
MIN,Target Center,2012,Minnesota,19356
MIN,Target Center,2013,Minnesota,19356
MIN,Target Center,2014,Minnesota,19356
MIN,Target Center,2015,Minnesota,19356
MIN,Target Center,2016,Minnesota,19356
MIN,Target Center,2017,Minnesota,19356
MIN,Target Center,2018,Minnesota,19356
MIN,Target Center,2019,Minnesota,19356
MIN,Target Center,2020,Minnesota,19356
NOP,Smoothie King Center,2012,New Orleans,17791
NOP,Smoothie King Center,2013,New Orleans,17791
NOP,Smoothie King Center,2014,New Orleans,17791
NOP,Smoothie King Center,2015,New Orleans,17791
NOP,Smoothie King Center,2016,New Orleans,17791
NOP,Smoothie King Center,2017,New Orleans,17791
NOP,Smoothie King Center,2018,New Orleans,17791
NOP,Smoothie King Center,2019,New Orleans,17791
NOP,Smoothie King Center,2020,New Orleans,17791
NYK,Madison Square Garden,2012,New York,19763
NYK,Madison Square Garden,2013,New York,19763
NYK,Madison Square Garden,2014,New York,19763
NYK,Madison Square Garden,2015,New York,19763
NYK,Madison Square Garden,2016,New York,19763
NYK,Madison Square Garden,2017,New York,19763
NYK,Madison Square Garden,2018,New York,19763
NYK,Madison Square Garden,2019,New York,19763
NYK,Madison Square Garden,2020,New York,19763
OKC,Paycom Center,2012,Oklahoma City,19163
OKC,Paycom Center,2013,Oklahoma City,19163
OKC,Paycom Center,2014,Oklahoma City,19163
OKC,Paycom Center,2015,Oklahoma City,19163
OKC,Paycom Center,2016,Oklahoma City,19163
OKC,Paycom Center,2017,Oklahoma City,19163
OKC,Paycom Center,2018,Oklahoma City,19163
OKC,Paycom Center,2019,Oklahoma City,19163
OKC,Paycom Center,2020,Oklahoma City,19163
ORL,Amway Center,2012,Orlando,20000
ORL,Amway Center,2013,Orlando,20000
ORL,Amway Center,2014,Orlando,20000
ORL,Amway Center,2015,Orlando,20000
ORL,Amway Center,2016,Orlando,20000
ORL,Amway Center,2017,Orlando,20000
ORL,Amway Center,2018,Orlando,20000
ORL,Amway Center,2019,Orlando,20000
ORL,Amway Center,2020,Orlando,20000
PHI,Wells Fargo Center,2012,Philadelphia,19500
PHI,Wells Fargo Center,2013,Philadelphia,19500
PHI,Wells Fargo Center,2014,Philadelphia,19500
PHI,Wells Fargo Center,2015,Philadelphia,19500
PHI,Wells Fargo Center,2016,Philadelphia,19500
PHI,Wells Fargo Center,2017,Philadelphia,19500
PHI,Wells Fargo Center,2018,Philadelphia,19500
PHI,Wells Fargo Center,2019,Philadelphia,19500
PHI,Wells Fargo Center,2020,Philadelphia,19500
PHX,Footprint Center,2012,Phoenix,18422
PHX,Footprint Center,2013,Phoenix,18422
PHX,Footprint Center,2014,Phoenix,18422
PHX,Footprint Center,2015,Phoenix,18422
PHX,Footprint Center,2016,Phoenix,18422
PHX,Footprint Center,2017,Phoenix,18422
PHX,Footprint Center,2018,Phoenix,18422
PHX,Footprint Center,2019,Phoenix,18422
PHX,Footprint Center,2020,Phoenix,18422
POR,Moda Center,2012,Portland,19980
POR,Moda Center,2013,Portland,19980
POR,Moda Center,2014,Portland,19980
POR,Moda Center,2015,Portland,19980
POR,Moda Center,2016,Portland,19980
POR,Moda Center,2017,Portland,19980
POR,Moda Center,2018,Portland,19980
POR,Moda Center,2019,Portland,19980
POR,Moda Center,2020,Portland,19980
SAC,Sleep Train Arena,2012,Sacramento,17317
SAC,Sleep Train Arena,2013,Sacramento,17317
SAC,Sleep Train Arena,2014,Sacramento,17317
SAC,Sleep Train Arena,2015,Sacramento,17317
SAC,Golden 1 Center,2016,Sacramento,17500
SAC,Golden 1 Center,2017,Sacramento,17500
SAC,Golden 1 Center,2018,Sacramento,17500
SAC,Golden 1 Center,2019,Sacramento,17500
SAC,Golden 1 Center,2020,Sacramento,17500
SAS,AT&T Center,2012,San Antonio,18694
SAS,AT&T Center,2013,San Antonio,18694
SAS,AT&T Center,2014,San Antonio,18694
SAS,AT&T Center,2015,San Antonio,18694
SAS,AT&T Center,2016,San Antonio,18694
SAS,AT&T Center,2017,San Antonio,18694
SAS,AT&T Center,2018,San Antonio,18694
SAS,AT&T Center,2019,San Antonio,18694
SAS,AT&T Center,2020,San Antonio,18694
TOR,Scotiabank Arena,2012,Toronto,19800
TOR,Scotiabank Arena,2013,Toronto,19800
TOR,Scotiabank Arena,2014,Toronto,19800
TOR,Scotiabank Arena,2015,Toronto,19800
TOR,Scotiabank Arena,2016,Toronto,19800
TOR,Scotiabank Arena,2017,Toronto,19800
TOR,Scotiabank Arena,2018,Toronto,19800
TOR,Scotiabank Arena,2019,Toronto,19800
TOR,Scotiabank Arena,2020,Toronto,19800
UTA,Vivint Arena,2012,Utah,20148
UTA,Vivint Arena,2013,Utah,20148
UTA,Vivint Arena,2014,Utah,20148
UTA,Vivint Arena,2015,Utah,20148
UTA,Vivint Arena,2016,Utah,20148
UTA,Vivint Arena,2017,Utah,20148
UTA,Vivint Arena,2018,Utah,20148
UTA,Vivint Arena,2019,Utah,20148
UTA,Vivint Arena,2020,Utah,20148
WAS,Capital One Arena,2012,Washington,20647
WAS,Capital One Arena,2013,Washington,20647
WAS,Capital One Arena,2014,Washington,20647
WAS,Capital One Arena,2015,Washington,20647
WAS,Capital One Arena,2016,Washington,20647
WAS,Capital One Arena,2017,Washington,20647
WAS,Capital One Arena,2018,Washington,20647
WAS,Capital One Arena,2019,Washington,20647
WAS,Capital One Arena,2020,Washington,20647
DEN,Pepsi Center,2012,Denver,19099
DEN,Pepsi Center,2013,Denver,19099
DEN,Pepsi Center,2014,Denver,19099
DEN,Pepsi Center,2015,Denver,19099
DEN,Pepsi Center,2016,Denver,19099
DEN,Pepsi Center,2017,Denver,19099
DEN,Pepsi Center,2018,Denver,19099
DEN,Pepsi Center,2019,Denver,19099
DEN,Pepsi Center,2020,Denver,19099
