﻿team_id,year ,company_id,company_name
2,2017,1,General Electric
2,2018,1,General Electric
2,2019,1,General Electric
2,2020,1,General Electric
13,2020,2,Motorola
13,2017,3,Infor
13,2018,3,Infor
13,2019,3,Infor
13,2020,3,Infor
5,2017,4,5miles
5,2018,4,5miles
5,2019,4,5miles
27,2017,5,Flagstar Bank
27,2018,5,Flagstar Bank
27,2019,5,Flagstar Bank
27,2020,5,Flagstar Bank
7,2017,6,ROKiT Phones
7,2018,6,ROKiT Phones
7,2019,6,ROKiT Phones
7,2020,6,ROKiT Phones
8,2018,7,Bumble
8,2019,7,Bumble
8,2020,7,Bumble
9,2017,8,Wish
9,2018,8,Wish
9,2019,8,Wish
9,2020,8,Wish
25,2018,9,FedEx
25,2019,9,FedEx
25,2020,9,FedEx
11,2017,10,Harley-Davidson
11,2018,10,Harley-Davidson
11,2019,10,Harley-Davidson
11,2020,10,Harley-Davidson
12,2017,11,Fitbit
12,2018,11,Fitbit
12,2019,11,Fitbit
12,2020,11,Fitbit
3,2017,12,Zatarain's
3,2018,12,Zatarain's
3,2019,12,Zatarain's
3,2020,12,Zatarain's
17,2017,13,StubHub
17,2018,13,StubHub
17,2019,13,StubHub
17,2020,13,StubHub
19,2018,14,Performance Health 
19,2019,14,Performance Health 
19,2020,14,Performance Health 
20,2017,15,Blue Diamond Growers
20,2018,15,Blue Diamond Growers
20,2019,15,Blue Diamond Growers
20,2020,15,Blue Diamond Growers
26,2018,16,Geico
26,2019,16,Geico
26,2020,16,Geico